{
  "tooltip": {},
  "visualMap": {
    "show": false,
    "dimension": 2,
    "min": -1,
    "max": 1,
    "inRange": {
      "color": [
        "#313695",
        "#4575b4",
        "#74add1",
        "#abd9e9",
        "#e0f3f8",
        "#ffffbf",
        "#fee090",
        "#fdae61",
        "#f46d43",
        "#d73027",
        "#a50026"
      ]
    }
  },
  "xAxis3D": {},
  "yAxis3D": {},
  "zAxis3D": {},
  "grid3D": {},
  "series": [
    {
      "type": "surface",
      "parametric": true,
      "parametricEquation": {
        "u": {
          "min": -3.141592653589793,
          "max": 3.141592653589793,
          "step": 0.15707963267948966
        },
        "v": {
          "min": 0,
          "max": 3.141592653589793,
          "step": 0.15707963267948966
        }
      }
    }
  ]
}